ID,Sequence,,,,,,
P00_A_01,"TTGGCAGCATTTCGAGTAACTCCTCAACCTGGAGTTCCCCCTGAAGAAGCAGGGGCTGCGGTAGCTGCTGAATCTTCTAC
TGGTACATGGACAACTGTATGGACTGACGGGCTTACCAGTCTTGATCGCTACAAAGGTCGATGCTACAACATCGAGCCCG
TTGCTGGAGAAGAAAGTCAATTTATTGCTTATGTAGCTTACCCTTTAGACCTTTTTGAAGAAGGTT",,,,,,
P00_B_01,"TTGGCAGCATTCCGAGTAACTCCTCAACCTGGAGTCCCGCCTGAAGAAGCAGGGGCTGCGGTAGCTGCTGAATCTTCTAC
TGGTACATGGACAACTGTGTGGACCGATGGGCTTACCAGCCTTGATCGTTATAAAGGAAGATGCTACAACATCGAGCCGG
TTGCTGGAGAAGAAAATCAATATATATGCTATGTAGCTTACCCTTTAGACCTTTTTGAAGAAGGTT",,,,,,
P00_B_03,"TTGGCAGCATTTCGAGTAACTCCTCAACCTGGAGTTCCGCCTGAAGAAGCAGGGGCTGCGGTAGCTGCCGAATCTTCTAC
CGGTACATGGACAACTGTGTGGACCGATGGGCTTACCAGCCTTGATCGTTATAAAGGAAGATGCTACAACATCGAGCCGG
TTGCTGGAGAAGAAAATAAATATATATGTTATGTAGCTTACCCTTTAGACCTTTTTGAAGAGGGTT",,,,,,
P01_A_01,"TTGGCAGCATTTCGAGTAACTCCTCAACCTGGAGTCCCGGCTGAAGAAGCAGGGGCTGCGGTAGCTGCTGAATCTTCTAC
TGGTACATGGACAACTGTGTGGACCGATGGGCTTACCAGCCTTGATCGTTATAAAGGAAGATGCTACAACATCGAGCCGG
TTGCTGGAGAAGAAAATCAATATATATGCTATGTAGCTTACCCTTTAGACCTTTTTGAAGAAGGTT",,,,,,
P01_A_02,"TTGGCAGCATTCCGAGTAACTCCTCAACCTGGGGTTCCTCCTGAAGAAGCAGGAGCCGCAGTAGCTGCCGAATCTTCTAC
TGGTACATGGACAACTGTGTGGACCGATGGACTTACCAGCCTTGATCGTTACAAGGGGCGATGCTACCACATCGATCCCG
TTCCTGGAGAAGAGGAGCAATTTATTGCTTATGTAGCTTATCCTTTAGACCTTTTTGAAGAAGGTT",,,,,,
P01_A_03,"TTGGCAGCATTTCGAGTAACTCCTCAACCTGGAGTTCCACCTGAAGAAGCAGGGGCCGCGGTAGCTGCCGAATCTTCTAC
TGGTACATGGACAACTGTGTGGACCGATGGACTTACCAGCCTTGATCGTTACAAAGGGCGATGCTACGGAATCGAGCCCG
TTGCTGGAGAAGAAAGTCAATTTATTGCTTATGTAGCTTACCCATTAGACCTTTTTGAAGAAGGTT",,,,,,
P01_A_05,"TTGGCAGCATTCCGAGTAACTCCTCAACCTGGAGTCCCGGCTGAAGAAGCAGGGGCTGCGGTAGCTGCTGAATCTTCTAC
TGGTACATGGACAACTGTGTGGACCGATGGACTTACCAGCCTTGATCGTTACAAGGGGCGATGCTACCACATCGATCCCG
TTCCTGGAGAAGAGGAGCAATTTATTGCTTATGTAGCTTATCCTTTAGACCTTTTTGAAGAAGGTT",,,,,,
P01_A_06,"TTGGCAGTATTCCGAGTAACTCCTCAACCTGGAGTTCCGCCTGAAGAAGCAGGGGCTGCGGTAGCTGCTGAATCTTCTAC
TGGTACATGGACAACTGTGTGGACCGATGGGCTTACCAGCCTTGATCGTTATAAAGGAAGATGCTACAACATCGAGCCGG
TTGCTGGAGAAGAAAATAAATATATATGTTATGTAGCTTACCCTTTAGACCTTTTTGAAGAGGGTT",,,,,,
P01_B_01,"TTGGCAGCATTCCGAGTAACTCCCCAACCTGGAGTTCCGCCGGAAGAAGCTGGGGCCGCGGTAGCTGCCGAGTCTTCTAC
TGGTACATGGACAACTGTATGGACGGATGGGCTTACCAGTCTTGATCGTTACAAAGGGCGATGCTACCACATCGAGCCAG
TTGTCGGAGAAGAAAATCAATATATTGCTTATGTAGCTTACCCCTTAGACCTTTTTGAAGAAGGTT",,,,,,
P01_B_02,"TTGGCAGCATTCCGAGTAACTCCTCAACCTGGAGTTCCGCCGGAGGAAGCAGGCGCTGCGGTAGCTGCTGAATCTTCTAC
TGGTACATGGACAACTGTGTGGACCGATGGGCTTACCAGTCTTGATCGTTATAAAGGACGATGCTACCACATCGAGCCCG
TTGCTGGAGAAGAAAATCAATATATTTGCTATGTAGCTTACCCCTTAGACCTTTTTGAAGAAGGTT",,,,,,
P01_B_03,"TTGGCAGCATTCCGAGTAACTCCCCAACCTGGAGTTTCGCCAGAAGAATCTAGGGCTGTGGTAGCTGTCGAGTCTTCTAC
TGGTATATGGACAACTGTATGGACGGATGGGCTTACCAGTCTTGATCGTTACAAAGGGCGATGCTACCACATCCAGCTAG
TTGTCGGAGAAGAAAATCAATATATTGCTTATGTATCTTACCCCTTAGACCTTTTTGAAGAGGGTT",,,,,,
P01_B_04,"TTGGCAGCATTTCGAGTAACTCCCCAACCTGGAGTTCCGCCGGAAGAAGCTGGGGCCGCGGTAGCTGTCGAGTCTTCTAC
TAGTACATGGACAACTGTATGGATGGATGGGCTTACCAGTCTTGATCATTACAAAGGGCGATCCTACCGCATCGAGCCAA
TTGTCGGAGAAGAAAATCAATATATTGCTTATGTAGCCTACCCCTTAGACCTTTTTGAAGAGGGTT",,,,,,
P01_B_06,"TTGGCAGCATTTCGAGTAACTCCCCAACCAGGAGTTCCGCCGGAAGAAGCTGGGGCCGCGGTAGCTGCCGAGTCTTCTAC
TGGTACATGGACAACTGTATGGACGGATGGACTTACCAGTCTTGATCGTTACAAAGGGCGATGCTACCACATCGAGCCAG
TTCCCGGAGAAGAAAGTCAATTTATTGCTTATGTAGCTTACCCCTTAGACCTTTTTGAAGAGGGTT",,,,,,
P01_C_01,"TTGGCAGCATTTCGAGTAACTCCTCAACCCGGAGTTCCACCTGAGGAAGCCGGGGCTGCGGTAGCAGCCGAATCTTCTAC
TGGTACATGGACAACTGTGTGGACCGATGGGCTTACCAGCCTTGATCGTTACAAAGGACGATGCTACCACATCGAGCCCG
TTGCTGGGGAGGAAAATCAATTTATTGCCTATGTAGCTTACCCTTTAGACCTTTTTGAAGAAGGTT",,,,,,
P01_D_01,"TTGGCAGCATTTCGAGTAACTCCCCAACCAGGAGTTCCGCCGGAAGAAGCTGGGGCCGCGGTAGCTGCCGAGTCTTCTAC
TGGTACATGGACAACTGTATGGACGGATGGACTTACCAGTCTTGATCGTTACAAAGGGCGATGCTACCACATCGAGCCAG
TTCCCGGAGAAGAAAGTCAATTTATTGCTTATGTAGCTTACCCCTTAGACCTTTTTGAAGAAGGTT",,,,,,
P01_D_02,"TTGGCAGCATTTCGAGTAACTCCTCAACCTGGAGTTCCACCTGAAGAAGCGGGGGCCGCGGTAGCTGCCGAATCTTCTAC
GGGTACATGGACAACTGTGTGGACCGATGGACTTACCAGCCTTGATCGTTACAAAGGGCGATGCTACAACATCGAGCCCG
TTCCTGGAGAACCAGATCAATATATTTGTTATGTAGCTTACCCTTTAGACCTTTTTGAAGAAGGTT",,,,,,
P01_E_01,"TTGGCAGCATTTCGAGTAACTCCTCAACCTGGAGTCCCGCCTGAAGAAGCAGGGGCTGCGGTAGCTGCTGAATCTTCTAC
TGGTACATGGACAACTGTGTGGACCGATGGGCTTACCAGCCTTGATCGTTATAAAGGAAGATGCTACAACATCGAGCCGG
TTGCTGGAGAAGAAAATCAATATATATGCTATGTAGCTTACCCTTTAGACCTTTTTGAAGAAGGTT",,,,,,
P01_H_01,"TTGGCAGCATTTCGAGTAACTCCTCAACCCGGAGTTCCGCCCGAAGAAGCAGGGGCCGCAGTAGCTGCCGAGTCTTCTAC
TGGTACATGGACAGCCGTGTGGACCGATGGACTTACTAGCCTTGATCGTTACAAAGGGCGATGCTACCACATCGAGCCTG
TTGCTGGAGAAGAAAATCAATTTATTGCTTATGTAGCTTATCCTTTAGACCTTTTTGAAGAAGGTT",,,,,,
P01_H_02,"TTGGCAGCATTTCGAGTAACTCCTCAACCTGGAGTCCCGCCTGAAGAAGCAGGGGCTGCGGTAGCTGCTGAATCTTCTAC
TGGTACATGGACAACTGTGTGGACCGATGGGCTTACCAGCCTTGATCGTTATAAAGGAAGATGCTACAACATCGAGCCGG
TTGCTGGAGAAGAAAATCAATATATATGCTATGTAGCTTACCCTTTAGACCTTTTTGAAGAAGGTT",,,,,,
P02_A_01,"TTGGCAGCATTTCGAGTAACTCCTCAACCTGGAGTCCCGCCTGAAGAAGCAGGGGCTGCGGTAGCTGCTGAATCTTCTAC
TGGTACATGGACAACTGTGTGGACCGATGGGCTTACCAGCCTTGATCGTTATAAAGGAAGATGCTACAACATCGAGCCGG
TTGCTGGAGAAGAAAATCAATATATATGCTATGTAGCTTACCCTTTAGACCTTTTTGAAGAAGGTT",,,,,,
P02_B_01,"TTGGCAGCATTCCGAGTAACTCCTCAACCCGGGGTTCCGCCTGAGGAAGCAGGAGCCGCGGTAGCTGCTGAATCTTCTAC
TGGTACATGGACAACTGTGTGGACCGACGGGCTTACCAGTCTTGATCGTTATAAAGGACGATGCTACGACATCGAGCCCG
TTGCTGGAGAAGAAAATCAATATATTGCTTATGTAGCTTACCCCTTAGACCTTTTTGAAGAGGGTT",,,,,,
P02_C_01,"TTGGCAGCATTTCGAGTAACTCCTCAACCTGGAGTTCCTCCTGAGGAAGCAGGGGCTGCGGTAGCTGCTGAATCTTCTAC
TGGTACATGGACAACTGTGTGGACCGATGGGCTTACCAGCCTTGATCGTTATAAAGGAAGATGCTACGACATCGAGCCTG
TTGTTGGAGAAGAAAATCAATATATATGTTATGTAGCTTACCCTTTAGACCTTTTTGAAGAGGGTT",,,,,,
P02_D_01,"TTGGCAGCATTTCGAGTAACTCCTCAACCCGGAGTTCCGCCCGAGGAAGCAGGAGCTGCGGTAGCTGCGGAATCTTCTAC
TGGTACATGGACAACTGTGTGGACCGATGGGCTTACTAGCCTTGATCGTTACAAAGGACGATGCTACAACATTGAGCCCG
TTGCTGGAGAAGAAAATCAATATATATGTTATGTAGCTTACCCTTTAGACCTTTTTGAAGAAGGTT",,,,,,
P02_E_01,"TTGGCAGCATTTCGAGTAACTCCTCAACCTGGAGTCCCGCCTGAAGAAGCAGGGGCTGCGGTAGCTGCTGAATCTTCTAC
TGGTACATGGACAACTGTGTGGACCGATGGGCTTACCAGCCTTGATCGTTATAAAGGAAGATGCTACAACATCGAGCCGG
TTGCTGGAGAAGAAAATCAATATATATGCTATGTAGCTTACCCTTTAGACCTTTTTGAAGAAGGTT",,,,,,
P02_H_01,"TTGGCAGCATTCCGAGTAACTCCTCAACCTGGAGTTCCTCCTGAGGAAGCAGGGGCTGCGGTAGCTGCTGAATCTTCTAC
TGGTACATGGACAACTGTGTGGACCGATGGGCTTACCAGCCTTGATCGTTATAAAGGAAGATGCTACGACATCGAGCCTG
TTGCTGGAGAAGAAAATCAATATATATGTTATGTAGCTTACCCTTTAGACCTTTTTGAAGAGGGTT",,,,,,
P03_B_01,"TTGGCAGCATTCCGAGTAACTCCTCAACCTGGAGTTCCGCCTGAAGAAGCAGGGGCCGCAGTAGCTGCCGAATCTTCTAC
TGGTACATGGACAACTGTATGGACCGATGGACTTACGAGCCTTGATCGTTACAAAGGCCGATGCTATGGAATCGAGCCTG
TTATTGGAGAAGAAAATCAATATATTGCTTATGTAGCTTACCCATTAGACCTTTTTGAAGAAGGTT",,,,,,
P03_B_02,"TTGGCAGCATTCCGAGTAACTCCTCAACCTGGAGTTCCTCCTGAAGAAGCAGGGGCCGCAGTAGCTGCTGAATCTTCTAC
TGGTACATGGACAACTGTGTGGACCGATGGACTTACTAGCCTTGATCGTTACAAAGGGCGATGCTACCACATTGATCCCG
TTCCTGGAGAAGAAGATCAATATATTGCTTATGTAGCTTATCCTTTAGACCTTTTTGAAGAAGGTT",,,,,,
P03_B_03,"TTGGCAGCATTCCGAGTAACTCCTCAACCCGGGGTTCCGCCCGAGGAAGCGGGGGCCGCGGTAGCTGCGGAATCTTCTAC
TGGTACATGGACAACTGTGTGGACCGATGGGCTTACTAGCCTTGATCGTTACAAAGGACGATGCTACAACATTGAGCCTG
TTGCTGGAGAAGAAAATCAATATATATGTTATGTAGCTTACCCTTTAGACCTTTTTGAAGAAGGTT",,,,,,
P03_D_01,"TTGGCAGCATTTCGAGTAACTCCTCAACCCGGGGTTCCGCCTGAGGAAGCAGGAGCCGCGGTAGCTGCTGAATCTTCTAC
TGGTACATGGACAACTGTGTGGACCGACGGGCTTACCAGTCTTGATCGTTATAAAGGACGATGCTACGACATCGAGCCCG
TTGCTGGAGAAGAAAATCAATATATTGCTTATGTAGCTTACCCCTTAGACCTTTTTGAAGAAGGTT",,,,,,
P03_E_01,"TTGGCAGCATTTCGAGTAACTCCTCAACCTGGAGTTCCGCCTGAGGAAGCAGGGGCCGCGGTAGCTGCGGAATCTTCTAC
CGGTACATGGACAACTGTATGGACTGACGGGCTTACTAGTCTTGATCGTTACAAAGGGCGATGCTACCACATTGAACCTG
TTGCTGGAGAAGAAAGTCAATTTATTGCTTATGTAGCTTACCCCTTAGACCTTTTTGAAGAAGGTT",,,,,,
P04_B_01,"TTGGCAGCATTCCGAGTAACTCCTCAACCTGGAGTTCCTCCTGAGGAAGCAGGGGCTGCGGTAGCTGCTGAATCTTCTAC
TGGTACATGGACAACTGTGTGGACCGATGGGCTTACCAGCCTTGATCGTTATAAAGGAAGATGCTACAACATCGAGCCTG
TTGCTGGAGAAGAAAATCAATATATATGTTATGTAGCTTACCCTTTAGACCTTTTTGAAGAAGGTT",,,,,,
P04_B_02,"TTGGCAGCATTCCGAGTAACTCCTCAACCGGGGGTTCCGCCCGAGGAAGCAGGGGCCGCGGTAGCTGCGGAATCTTCTAC
TGGTACATGGACAACTGTGTGGACCGATGGGCTTACTAGCCTTGATCGTTACAAAGGACGATGCTACAACATTGAGCCTG
TTGCTGGAGAAGAAAATCAATATATATGTTATGTAGCTTACCCTTTAGACCTTTTTGAAGAAGGTT",,,,,,
P04_C_01,"TTGGCAGCATTTCGAGTAACTCCTCAACCTGGAGTTCCACCTGAAGAAGCAGGGGCCGCGGTAGCTGCCGAATCTTCTAC
TGGTACATGGACAACTGTATGGACCGATGGACTTACCAGCCTTGATCGTTACAAAGGGCGATGCTACCGCATCGAGCGTG
TTGTTGGAGAAAAAGATCAATATATTGCTTATGTAGCTTACCCTTTAGACCTTTTTGAAGAAGGTT",,,,,,
P04_D_01,"TTGGCAGCATTTCGAGTAACTCCTCAACCTGGAGTCCCGCCTGAAGAAGCAGGGGCTGCGGTAGCTGCTGAATCTTCTAC
TGGTACATGGACAACTGTGTGGACCGATGGGCTTACCAGCCTTGATCGTTATAAAGGAAGATGCTACAACATCGAGCCGG
TTGCTGGAGAAGAAAATCAATATATATGCTATGTAGCTTACCCTTTAGACCTTTTTGAAGAAGGTT",,,,,,
P04_E_01,"TTGGCAGCATTTCGAGTAACTCCTCAACCTGGGGTTCCACCTGAAGAAGCAGGGGCTGCAGTAGCTGCCGAATCTTCTAC
TGGTACATGGACAAGTGTATGGACCGACGGACTTACCAGTCTTGATCGTTACAAAGGACGATGCTACAACATCGAACCCG
TTGCTGGAGAAGAAAATCAATATATTTGTTATGTAGCGTATCCTTTAGACCTTTTTGAAGAAGGTT",,,,,,
P04_E_02,"TTGGCAGCATTTCGAGTAACTCCGCAACCCGGAGTTCCGCCCGAAGAAGCAGGGGCTGCAGTAGCTGCCGAATCCTCTAC
TGGTACATGGACAACTGTATGGACCGACGGACTTACCAGCCTTGATCGTTACAAAGGACGATGCTACCACATCGAGCCCG
TTGCTGGGGAGGAAAATCAATATATTTGCTATGTAGCTTATCCTTTAGACCTTTTTGAAGAAGGTT",,,,,,
P04_H_01,"TTGGCAGCATTTCGAGTAACTCCTCAACCTGGAGTCCCGCCTGAAGAAGCAGGGGCTGCGGTAGCTGCTGAATCTTCTAC
TGGTACATGGACAACTGTGTGGACCGATGGGCTTACCAGCCTTGATCGTTATAAAGGAAGATGCTACAACATCGAGCCGG
TTGCTGGAGAAGAAAATCAATATATATGCTATGTAGCTTACCCTTTAGACCTTTTTGAAGAAGGTT",,,,,,
P05_A_01,"TTGGCAGCATTTCGAGTAACTCCTCAACCCGGGGTTCCGCCTGAGGAAGCAGGAGCCGCGGTAGCTGCTGAATCTTCTAC
TGGTACATGGACAACTGTGTGGACCGACGGGCTTACCAGTCTTGATCGTTATAAAGGACGATGCTACGACATCGAGCCCG
TTGCTGGAGAAGAAAATCAATATATTGCTTATGTAGCTTACCCCTTAGACCTTTTTGAAGAAGGTT",,,,,,
P05_A_02,"TTGGCAGCATTTCGAGTAACTCCTCAACCCGGAGTTCCACCTGAGGAAGCAGGGGCTGCGGTAGCTGCCGAATCTTCTAC
TGGTACATGGACAACTGTGTGGACCGATGGACTTACCAGCCTTGATCGTTACAAAGGACGATGCTACCACATCGAGCCCG
TTGCTGGGGAGGAAAGTCAATTTATTGCTTATGTAGCTTACCCTTTAGACCTTTTTGAAGAGGGTT",,,,,,
P05_B_01,"TTGGCAGCATTCCGAGTAACTCCTCAACCCGGGGTTCCGCCTGAGGAAGCAGGAGCCGCGGTAGCTGCTGAATCTTCTAC
TGGTACATGGACAACTGTGTGGACCGACGGGCTTACCAGTCTTGATCGTTATAAAGGACGATGCTACGACATCGAGCCCG
TTGCTGGAGAAGAAAATCAATATATTGCTTATGTAGCTTACCCCTTAGACCTTTTTGAAGAGGGTT",,,,,,
P05_B_02,"TTGGCAGCATTCCGAGTAACTCCTCAACCTGGAGTTCCACCTGAAGAAGCAGGGGCCGCGGTAGCTGCCGAATCTTCTAC
TGGTACATGGACAACTGTATGGACCGATGGACTTACCAGCCTTGATCGTTACAAAGGGCGATGCTACCGCATCGAGCGTG
TTGTTGGAGAAAAAGATCAATATATTGCTTATGTAGCTTACCCTTTAGACCTTTTTGAAGAGGGTT",,,,,,
P05_C_01,"TTGGCAGCATTTCGAGTAACTCCTCAACCGGGGGTTCCGCCCGAGGAAGCAGGGGCCGCGGTAGCTGCGGAATCTTCTAC
TGGTACATGGACAACTGTGTGGACCGATGGGCTTACTAGCCTTGATCGTTACAAAGGACGATGCTACAACATTGAGCCTG
TTGCTGGAGAAGAAAATCAATATATATGTTATGTAGCTTACCCTTTAGACCTTTTTGAAGAAGGTT",,,,,,
P05_E_01,"TTGGCAGCATTTCGAGTAACTCCTCAACCTGGAGTCCCGCCTGAAGAAGCAGGGGCTGCGGTAGCTGCTGAATCTTCTAC
TGGTACATGGACAACTGTGTGGACCGATGGGCTTACCAGCCTTGATCGTTATAAAGGAAGATGCTACAACATCGAGCCGG
TTGCTGGAGAAGAAAATCAATATATATGCTATGTAGCTTACCCTTTAGACCTTTTTGAAGAAGGTT",,,,,,
P05_H_01,"TTGGCAGCATTTCGAGTAACTCCTCAACCTGGAGTTCCTCCTGAGGAAGCAGGGGCTGCGGTAGCTGCTGAATCTTCTAC
TGGTACATGGACAACTGTGTGGACCGATGGGCTTACCAGCCTTGATCGTTATAAAGGAAGATGCTACGACATCGAGCCTG
TTGCTGGAGAAGAAAATCAATATATATGTTATGTAGCTTACCCTTTAGACCTTTTTGAAGAAGGTT",,,,,,
P06_A_01,"TTGGCAGCATTCCGAGTAACTCCTCAACCTGGAGTCCCGCCTGAAGAAGCAGGGGCTGCGGTAGCTGCTGAATCTTCTAC
TGGTACATGGACAACTGTGTGGACCGATGGGCTTACCAGCCTTGATCGTTATAAAGGAAGATGCTACAACATCGAGCCGG
TTGCTGGAGAAGAAAATCAATATATATGCTATGTAGCTTACCCTTTAGACCTTTTTGAAGAAGGTT",,,,,,
P06_A_02,"TTGGCAGCATTCCGAGTAACTCCTCAACCTGGGGTTCCGCCTGAAGAAGCAGGGGCAGCGGTAGCTGCCGAATCTTCTAC
TGGTACATGGACAACTGTGTGGACCGATGGACTTACCAGCCTTGATCGTTACAAAGGGCGGTGCTACCACATCGAGCCCG
TTCCTGGAGAAGCAGATCAATATATCTGTTATGTAGCTTACCCTTTAGACCTTTTTGAAGAAGGTT",,,,,,
P06_A_03,"TTGGCAGCATTTCGAGTAACTCCTCAACCTGGAGTTCCCCCTGAAGAAGCAGGGGCTGCGGTAGCTGCTGAATCTTCTAC
TGGTACATGGACAACTGTATGGACTGACGGGCTTACCAGTCTTGATCGCTACAAAGGTCGATGCTACAACATCGAGCCCG
TTGCTGGAGAAGAAAGTCAATTTATTGCTTATGTAGCTTACCCTTTAGACCTTTTTGAAGAAGGTT",,,,,,
P06_B_01,"TTGGCAGCATTCCGAGTAACTCCTCAACCTGGAGTCCCGCCTGAAGAAGCAGGGGCTGCGGTAGCTGCTGAATCTTCTAC
TGGTACATGGACAACTGTGTGGACCGATGGGCTTACCAGCCTTGATCGTTATAAAGGAAGATGCTACAACATCGAGCCGG
TTGCTGGAGAAGAAAATCAATATATATGCTATGTAGCTTACCCTTTAGACCTTTTTGAAGAGGGTT",,,,,,
P07_A_01,"TTGGCAGCATTCCGAGTAACTCCTCAACCCGGAGTTCCGCCCGAGGAAGCAGGAGCTGCGGTAGCTGCGGAATCTTCTAC
TGGTACATGGACAACTGTGTGGACCGATGGGCTTACTAGCCTTGATCGTTACAAAGGACGATGCTACAACATTGAGCCCG
TTGCTGGAGAAGAAAATCAATATATATGTTATGTAGCTTACCCTTTAGACCTTTTTGAAGAAGGTT",,,,,,
P07_A_02,"TTGGCAGCATTTCGAGTAACTCCTCAACCTGGAGTTCCTCCTGAAGAAGCGGGTGCCGCGGTAGCTGCCGAATCTTCTAC
TGGTACATGGACAACTGTTTGGACCGATGGGCTTACCAGTCTTGATCGTTACAAAGGACGATGCTACAACATTGAGCCCG
TTGCTGGAGAAGAAAATCAATTTATTGCTTATGTAGCTTATCCCTTAGACCTTTTTGAAGAGGGTT",,,,,,
P07_B_01,"TTGGCAGCATTCCGAGTAACTCCGCAACCCGGAGTTCCGCCCGAAGAAGCAGGGGCTGCAGTAGCTGCCGAATCCTCTAC
TGGTACATGGACAACTGTATGGACCGACGGACTTACCAGCCTTGATCGTTACAAAGGACGATGCTACCACATCGAGCCCG
TTGCTGGGGAGGAAAATCAATATATTTGCTATGTAGCTTATCCTTTAGACCTTTTTGAAGAGGGTT",,,,,,
P07_B_02,"TTGGCAGCATTTCGAGTAACTCCTCAACCCGGGGTTCCGCCTGAGGAAGCAGGAGCCGCGGTAGCTGCTGAATCTTCTAC
TGGTACATGGACAACTGTGTGGACCGACGGGCTTACCAGTCTTGATCGTTATAAAGGACGATGCTACGACATCGAGCCCG
TTGCTGGAGAAGAAAATCAATATATTGCTTATGTAGCTTACCCCTTAGACCTTTTTGAAGAAGGTT",,,,,,
P07_E_01,"TTGGCAGCATTCCGAGTAACTCCGCAACCCGGAGTTCCGCCCGAAGAAGCAGGGGCTGCAGTAGCTGCCGAATCCTCTAC
TGGTACATGGACAACTGTATGGACCGACGGACTTACCAGCCTTGATCGTTACAAAGGACGATGCTACCACATCGAGCCCG
TTGCTGGGGAGGAAAATCAATATATTTGCTATGTAGCTTATCCTTTAGACCTTTTTGAAGAAGGTT",,,,,,
P08_B_01,"TTGGCAGCATTCCGAGTAACTCCTCAACCTGGAGTCCCGCCTGAAGAAGCAGGGGCTGCGGTAGCTGCTGAATCTTCTAC
TGGTACATGGACAACTGTGTGGACCGATGGGCTTACCAGCCTTGATCGTTATAAAGGAAGATGCTACAACATCGAGCCGG
TTGCTGGAGAAGAAAATCAATATATATGCTATGTAGCTTACCCTTTAGACCTTTTTGAAGAGGGTT",,,,,,
P09_A_01,"TTGGCAGCATTTCGAGTAACTCCTCAACCCGGGGTTCCGCCTGAGGAAGCAGGAGCCGCGGTAGCTGCTGAATCTTCTAC
TGGTACATGGACAACTGTGTGGACCGACGGGCTTACCAGTCTTGATCGTTATAAAGGACGATGCTACGACATCGAGCCCG
TTGCTGGAGAAGAAAATCAATATATTGCTTATGTAGCTTACCCCTTAGACCTTTTTGAAGAGGGTT",,,,,,
P09_B_01,"TTGGCAGCATTCCGAGTAACTCCTCAACCTGGAGTCCCGCCTGAAGAAGCAGGGGCTGCGGTAGCTGCTGAATCTTCTAC
TGGTACATGGACAACTGTGTGGACCGATGGGCTTACCAGCCTTGATCGTTATAAAGGAAGATGCTACAACATCGAGCCGG
TTGCTGGAGAAGAAAATCAATATATATGCTATGTAGCTTACCCTTTAGACCTTTTTGAAGAAGGTT",,,,,,
P09_B_02,"TTGGCAGCATTTCGAGTAACTCCTCAACCTGGAGTTCCGCCGGAGGAAGCAGGCGCTGCGGTAGCTGCTGAATCTTCTAC
TGGTACATGGACAACTGTGTGGACCGATGGGCTTACCAGTCTTGATCGTTATAAAGGACGATGCTACCACATCGAGCCCG
TTGCTGGAGAAGAAAATCAATATATTTGCTATGTAGCTTACCCCTTAGACCTTTTTGAAGAAGGTT",,,,,,
P09_C_01,"TTGGCAGCATTTCGAGTAACTCCTCAACCTGGAGTTCCTCCTGAGGAAGCAGGGGCTGCGGTAGCTGCTGAATCTTCTAC
TGGTACATGGACAACTGTGTGGACCGATGGGCTTACCAGCCTTGATCGTTATAAAGGAAGATGCTACGACATCGAGCCTG
TTCCTGGAGAAGAAAATCAATATATATGTTATGTAGCTTACCCTTTAGACCTTTTTGAAGAAGGTT",,,,,,
P09_D_01,"TTGGCAGCATTTCGAGTAACTCCTCAACCTGGAGTTCCCCCTGAAGAAGCAGGGGCTGCGGTAGCTGCTGAATCTTCTAC
TGGTACATGGACAACTGTATGGACTGACGGGCTTACCAGCCTTGATCGATACAAAGGTCGATGCTACCACATCGAGCCGG
TTGCTGGAGAAGAAAATCAATATATTGCTTATGTAGCTTACCCCTTAGACCTTTTTGAAGAAGGTT",,,,,,
P09_D_02,"TTGGCAGCATTTCGAGTAACTCCTCAACCTGGAGTCCCGCCTGAAGAAGCAGGGGCTGCGGTAGCTGCTGAATCTTCTAC
TGGTACATGGACAACTGTGTGGACCGATGGGCTTACCAGCCTTGATCGTTATAAAGGAAGATGCTACAACATCGAGCCGG
TTGCGGGAGAAGAAAATCAATATATATGCTATGTAGCTTACCCTTTAGACCTTTTTGAAGAAGGTT",,,,,,
P09_E_01,"TTGGCAGCATTTCGAGTAACTCCTCAACCTGGAGTTCCTCCTGAGGAAGCAGGGGCTGCGGTAGCTGCTGAATCTTCTAC
TGGTACATGGACAACTGTGTGGACCGATGGGCTTACCAGCCTTGATCGTTATAAAGGAAGATGCTACGACATCGAGCCTG
TTGCTGGAGAAGAAAATCAATATATATGTTATGTAGCTTACCCTTTAGACCTTTTTGAAGAAGGTT",,,,,,
P09_H_01,"TTGGCAGCATTTCGAGTAACTCCTCAACCCGGGGTTCCGCCTGAGGAAGCAGGAGCCGCGGTAGCTGCTGAATCTTCTAC
TGGTACATGGACAACTGTGTGGACCGACGGGCTTACCAGTCTTGATCGTTATAAAGGACGATGCTACGACATCGAGCCCG
TTGCTGGAGAAGAAAATCAATATATTGCTTATGTAGCTTACCCCTTAGACCTTTTTGAAGAAGGTT",,,,,,
P10_A_01,"TTGGCAGCATTTCGAGTAACTCCTCAACCTGGAGTCCCGCCTGAAGAAGCAGGGGCTGCGGTAGCTGCTGAATCTTCTAC
TGGTACATGGACAACTGTGTGGACCGATGGGCTTACCAGCCTTGATCGTTATAAAGGAAGATGCTACAACATCGAGCCGG
TTGCTGGAGAAGAAAATCAATATATATGCTATGTAGCTTACCCTTTAGACCTTTTTGAAGAAGGTT",,,,,,
P10_A_02,"TTGGCAGCATTTCGAGTAACTCCTCAACCTGGAGTTCCGCCTGAGGAAGCAGGCGCTGCGGTAGCTGCTGAATCTTCTAC
TGGTACATGGACAACTGTGTGGACCGATGGACTTACCAGTCTTGATCGTTATAAAGGGCGATGCTACGGCATCGAGCCCG
TTGCTGGAGAAGAAAATCAATATATTGCTTATGTAGCTTACCCCTTAGACCTTTTTGAAGAAGGTT",,,,,,
P10_A_03,"TTGGCAGCATTCCGAGTAACTCCTCAACCTGGAGTTCCACCTGAAGAAGCAGGGGCCGCGGTAGCTGCCGAATCTTCTAC
TGGTACATGGACAACTGTATGGACCGATGGACTTACCAGTCTTGATCGTTACAAAGGGCGATGCTACCGCATCGAGCGTG
TTGTTGGAGAAAAAGATCAATATATTGCTTATGTAGCTTACCCTTTAGACCTTTTTGAAGAGGGTT",,,,,,
P10_A_04,"TTGGCAGCATTCCGAGTAACTCCTCAACCTGGAGTTCCTCCTGAGGAAGCAGGGGCTGCGGTAGCTGCTGAATCTTCTAC
TGGTACATGGACAACTGTGTGGACCGATGGGCTTACCAGCCTTGATCGTTATAAAGGAAGATGCTACCACATCGAGCCTG
TTGCTGGAGAAGAAAATCAATATATATGTTATGTAGCTTACCCTTTAGACCTTTTTGAAGAAGGTT",,,,,,
P10_B_01,"TTGGCAGCATTCCGAGTAACTCCTCAACCTGGAGTTCCGCCTGAAGAAGCAGGTGCCGCGGTAGCTGCTGAATCTTCTAC
TGGTACATGGACAACTGTGTGGACCGATGGGCTTACCAGTCTTGATCGTTACAAAGGACGATGCTACCACATCGAGTCCG
TTGCTGGAGAAGAAAATCAATATATTGCTTATGTAGCTTATCCCTTAGACCTTTTTGAAGAAGGTT",,,,,,
P10_B_06,"TTGGCAGCATTCCGAGTAACTCCTCAACCTGGAGTCCCGCCTGAAGAAGCAGGGGCTGCGGTAGCTGCTGAATCTTCTAC
TGGTACATGGACAACTGTGTGGACCGATGGGCTTACCAGCCTTGATCGTTATAAAGGAAGATGCTACAACATCGAGCCGG
TTGCTGGAGAAGAAAATCAATATATATGCTATGTAGCTTACCCTTTAGACCTTTTTGAAGAAGGTT",,,,,,
P10_B_07,"TTGGCAGCATTTCGAGTAACTCCTCAACCTGGAGTTCCGCCTGAAGAAGCAGGTGCAGCGGTAGCTGCTGAATCTTCTAC
TGGTACATGGACAACTGTGTGGACCGATGGGCTTACCAGTCTTGATCGTTACAAAGGACGATGCTACCAGATTGAGCCCG
TTGCTGGAGAAGAAAATCAATTTATTGCTTATGTAGCTTATCCCTTAGACCTTTTTGAAGAGGGTT",,,,,,
P10_B_10,"TTGGCAGCATTCCGAGTAACTCCTCAACCTGGAGTTCCACCTGAAGAAGCAGGGGCCGCGGTAGCTGCCGAATCTTCTAC
TGGTACATGGACAACTGTATGGACCGATGGACTTACCAGTCTTGATCGTTACAAAGGGCGATGCTACCGCATCGAGCGTG
TTGTTGGAGAAAAAGATCAATATATTGCTTATGTAGCTTACCCTTTAGACCTTTTTGAAGAGGGTT",,,,,,
P10_B_11,"TTGGCAGCATTTCGAGTAACTCCTCAACCCGGAGTTCCACCCGAAGAAGCAGGAGCCGCGGTAGCTGCCGAATCTTCTAC
TGGTACATGGACAACTGTGTGGACCGATGGACTTACCAGCCTTGATCGTTACAAAGGGCGATGCTACCACATCGAACCCG
TTCCTGGAGAAGAAGATCAATTTATTGCTTATGTAGCTTACCCTTTAGACCTTTTTGAAGAAGGTT",,,,,,
P10_C_01,"TTGGCAGCATTTCGAGTAACTCCTCAACCTGGAGTCCCGCCTGAAGAAGCAGGGGCTGCGGTAGCTGCTGAATCTTCTAC
TGGTACATGGACAACTGTGTGGACCGATGGGCTTACCAGCCTTGATCGTTATAAAGGAAGATGCTACAACATCGAGCCGG
TTGCTGGAGAAGAAAATCAATATATATGCTATGTAGCTTACCCTTTAGACCTTTTTGAAGAAGGTT",,,,,,
P10_D_01,"TTGGCAGCATTTCGAGTAACTCCTCAACCTGGAGTTCCCCCTGAAGAAGCAGGGGCTGCGGTAGCTGCTGAATCTTCTAC
TGGTACATGGACAACTGTATGGACTGACGGGCTTACCAGTCTTGATCGCTACAAAGGTCGATGCTACAACATCGAGCCCG
TTGCTGGAGAAGAAAGTCAATTTATTGCTTATGTAGCTTACCCTTTAGACCTTTTTGAAGAAGGTT",,,,,,
P10_D_02,"TTGGCAGCATTTCGAGTAACTCCTCAACCTGGAGTTCCGCCTGAGGAAGCAGGGGCCGCGGTAGCTGCGGAATCTTCTAC
CGGTACATGGACAACTGTATGGACTGACGGGCTTACTAGTCTTGATCGTTACAAAGGGCGATGCTACCACATTGAACCTG
TTGCTGGAGAAGAAAGTCAATTTATTGCTTATGTAGCTTACCCCTTAGACCTTTTTGAAGAAGGTT",,,,,,
P10_E_01,"TTGGCAGCATTTCGAGTAACTCCTCAACCCGGAGTTCCGCCTGAGGAAGCAGGGGCAGCGGTAGCTGCCGAATCTTCTAC
TGGTACATGGACAACTGTGTGGACTGATGGACTTACCAGTCTTGATCGTTACAAAGGACGATGCTACCACATCGAAACCG
TTGTCGGGGAGGAAAATCAATATATTGCTTATGTAGCTTATCCTTTAGACCTTTTTGAAGAAGGTT",,,,,,
P10_E_02,"TTGGCAGCATTTCGAGTAACTCCTCAACCCGGAGTTCCACCCGAGGAAGCAGGAGCTGCGGTAGCTGCGGAATCTTCTAC
TGGTACATGGACAACTGTGTGGACCGATGGGCTTACTAGCCTTGATCGTTACAAAGGACGATGCTACAACATTGAGCCCG
TTGCTGGAGAAGAAAATCAATATATATGTTATGTAGCTTATCCTTTAGACCTTTTTGAAGAAGGTT",,,,,,
P10_E_03,"TTGGCAGCATTTCGAGTAACTCCTCAACCCGGAGTTCCGCCCGAAGAAGCAGGGGCCGCAGTAGCTGCCGAGTCTTCTAC
TGGTACATGGACAGCCGTGTGGACCGATGGACTTACTAGCCTTGATCGTTACAAAGGGCGATGCTACCACATCGAGCCTG
TTGCTGGAGAAGAAAATCAATTTATTGCTTATGTAGCTTATCCTTTAGACCTTTTTGAAGAAGGTT",,,,,,
P10_H_01,"TTGGCAGCATTTCGAGTAACTCCTCAACCCGGGGTTCCGCCTGAGGAAGCAGGAGCCGCGGTAGCTGCTGAATCTTCTAC
TGGTACATGGACAACCGTGTGGACCGACGGGCTTACCAGTCTTGATCGTTATAAAGGACGATGCTACGACATCGAGCCCG
TTGCTGGAGAAGAAAATCAATATATTGCTTATGTAGCTTACCCCTTAGACCTTTTTGAAGAAGGTT",,,,,,
P11_A_01,"TTGGCAGCATTTCGAGTAACTCCTCAACCTGGAGTTCCACCTGAAGAAGCAGGGGCCGCGGTAGCTGCCGAATCTTCTAC
TGGTACATGGACAACTGTATGGACCGATGGACTTACCAGCCTTGATCGTTACAAAGGGCGATGCTACCGCATCGAGCGTG
TTGTTGGAGAAAAAGATCAATATATTGCTTATGTAGCTTACCCTTTAGACCTTTTTGAAGAAGGTT",,,,,,
P11_A_02,"TTGGCAGCATTTCGAGTAACTCCTCAACCTGGAGTTCCCCCTGAAGAAGCAGGGGCTGCGGTAGCTGCTGAATCTTCTAC
TGGTACATGGACAACTGTATGGACTGACGGGCTTACCAGTCTTGATCGCTACAAAGGTCGATGCTACCACATCGAGCCTG
TTGCTGGAGAAGAAAATCAATTTATTGCTTATGTAGCTTACCCCTTAGACCTTTTTGAAGAAGGTT",,,,,,
P11_A_03,"TTGGCAGCATTTCGAGTAACTCCTCAACCTGGAGTTCCGCCGGAGGAAGCAGGCGCTGCGGTAGCTGCTGAATCTTCTAC
TGGTACATGGACAACTGTGTGGACCGATGGGCTTACCAGTCTTGATCGTTATAAAGGACGATGCTACCACATCGAGCCCG
TTGCTGGAGAAGAAAATCAATATATTTGCTATGTAGCTTACCCCTTAGACCTTTTTGAAGAAGGTT",,,,,,
P11_A_04,"TTGGCAGCATTCCGAGTAACTCCTCAACCTGGAGTTCCGCCTGAGGAAGCAGGGGCGGCGGTAGCTGCTGAATCTTCTAC
TGGTACATGGACAACTGTATGGACTGACGGGCTTACCAGTCTTGATCGTTACAAAGGTCGATGCTACGGGCTTGAGCCCG
TTGCTGGAGAAGAAAATCAATATATTGCTTATGTAGCTTACCCCCTAGACCTTTTTGAAGAGGGTT",,,,,,
P11_B_01,"TTGGCAGCATTCCGAGTAACTCCTCAACCTGGGGTTCCGCCTGAAGAAGCAGGGGCAGCGGTAGCTGCCGAATCTTCTAC
TGGTACATGGACAACTGTGTGGACCGATGGACTTACCAGCCTTGATCGTTACAAAGGGCGATGCTACCACATCGAGCCCG
TTCCTGGAGAAGCAGATCAATATATCTGTTATGTAGCTTACCCTTTAGACCTTTTTGAAGAGGGTT",,,,,,
P11_B_02,"TTGGCAGCATTCCGAGTAACTCCTCAACCTGGAGTTCCCCCTGAAGAAGCAGGGGCTGCGGTAGCTGCTGAATCTTCTAC
TGGTACATGGACAACTGTATGGACTGACGGGCTTACCAGTCTTGATCGCTACAAAGGTCGATGCTACCACATCGAGCCTG
TTGCTGGAGAAGAAACTCAATTTATTGCTTATGTAGCTTACCCCTTAGACCTTTTTGAAGAAGGTT",,,,,,
P11_B_03,"TTGGCAGCATTCCGAGTAACTCCTCAACCCGGGGTTCCGCCCGAGGAAGCGGGGGCCGCGGTAGCTGCGGAATCTTCTAC
TGGTACATGGACAACTGTGTGGACCGATGGGCTTACTAGCCTTGATCGTTACAAAGGACGATGCTACAACATTGAGCCTG
TTGCTGGAGAAGAAAATCAATATATATGTTATGTAGCTTACCCTTTAGACCTTTTTGAAGAGGGTT",,,,,,
P11_B_04,"TTGGCAGCATTCCGAGTAACTCCTCAACCTGGAGTTCCACCTGAAGAAGCAGGGGCCGCGGTAGCTGCCGAATCTTCTAC
TGGTACATGGACAACTGTATGGACCGATGGACTTACCAGTCTTGATCGTTACAAAGGGCGATGCTACCGCATCGAGCGTG
TTGTTGGAGAAAAAGATCAATATATTGCTTATGTAGCTTACCCTTTAGACCTTTTTGAAGAGGGTT",,,,,,
P11_B_07,"TTGGCAGCATTCCGAGTAACTCCTCAACCTGGAGTCCCGCCTGAAGAAGCAGGGGCTGCGGTAGCTGCTGAATCTTCTAC
TGGTACATGGACAACTGTGTGGACCGATGGGCTTACCAGCCTTGATCGTTATAAAGGAAGATGCTACAACATCGAGCCGG
TTGCTGGAGAAGAAAATCAATATATATGCTATGTAGCTTACCCTTTAGACCTTTTTGAAGAAGGTT",,,,,,
P11_B_08,"TTGGCAGCATTCCGAGTAACTCCTCAACCTGGGGTTCCGCCTGAAGAAGCAGGGGCAGCGGTAGCTGCCGAATCTTCTAC
TGGTACATGGACAACTGTGTGGACCGATGGGCTTACTAGCCTTGATCGTTACAAAGGACGATGCTACAACATTGAGCCTG
TTGCTGGAGAAGAAAATCAATATATATGTTATGTAGCTTACCCTTTAGACCTTTTTGAAGAAGGTT",,,,,,
P11_B_13,"TTGGCAGCATTTCGAGTAACTCCTCAACCTGGAGTTCCACCTGAAGAAGCAGGGGCCGCGGTAGCTGCCGAATCTTCTAC
TGGTACATGGACAACTGTATGGACCGATGGACTTACCAGTCTTGATCGTTACAAAGGGCGATGCTACCACATCGAGCCCG
TTCCTGGAGAAGCAGATCAATATATCTGTTATGTAGCTTACCCTTTAGACCTTTTTGAAGAAGGTT",,,,,,
P11_B_17,"TTGGCAGCATTTCGAGTAACTCCTCAACCTGGGGTTCCGCCTGAAGAAGCAGGGGCAGCGGTAGCTGCCGAATCTTCTAC
TGGTACATGGACAACTGTGTGGACCGATGGACTTACCAGCCTTGATCGTTACAAAGGGCGATGCTACCGCATCGAGCGTG
TTGTTGGAGAAAAAGATCAATATATTGCTTATGTAGCTTACCCTTTAGACCTTTTTGAAGAAGGTT",,,,,,
P11_D_01,"TTGGCAGCATTTCGAGTAACTCCTCAACCTGGAGTTCCACCTGAAGAAGCAGGGGCCGCGGTAGCTGCCGAATCTTCTAC
TGGTACATGGACAACTGTATGGACCGATGGACTTACCAGCCTTGATCGTTACAAAGGGCGATGCTACCGCATCGAGCGTG
TTGTTGGAGAAAAAGATCAATATATTGCTTATGTAGCTTACCCTTTAGACCTTTTTGAAGAAGGTT",,,,,,
P11_D_02,"TTGGCAGCATTTCGAGTAACTCCTCAACCTGGGGTTCCTCCTGAAGAAGCAGGAGCCGCAGTAGCTGCCGAATCTTCTAC
TGGTACATGGACAACTGTGTGGACCGATGGACTTACCAGCCTTGATCGTTACAAGGGGCGATGCTACCACATCGATCCCG
TTCCTGGAGAAGAGGAGCAATTTATTGCTTATGTAGCTTATCCTTTAGACCTTTTTGAAGAAGGTT",,,,,,
P11_E_01,"TTGGCAGCATTTCGAGTAACTCCTCAACCCGGGGTTCCGCCCGAGGAAGCGGGGGCCGCGGTAGCTGCGGAATCTTCTAC
TGGTACATGGACAACTGTGTGGACCGATGGGCTTACTAGCCTTGATCGTTACAAAGGACGATGCTACAACATTGAGCCTG
TTGCTGGAGAAGAAAATCAATATATATGTTATGTAGCTTACCCTTTAGACCTTTTTGAAGAAGGTT",,,,,,
P11_E_02,"TTGGCAGCATTTCGAGTAACTCCTCAACCTGGAGTTCCACCTGAAGAAGCAGGGGCCGCGGTAGCTGCCGAATCTTCTAC
TGGTACATGGACAACTGTATGGACCGATGGACTTACCAGCCTTGATCGTTACAAAGGGCGATGCTACCGCATCGAGCGTG
TTGTTGGAGAAAAAGATCAATATATTGCTTATGTAGCTTACCCTTTAGACCTTTTTGAAGAAGGTT",,,,,,
P11_E_03,"TTGGCAGCATTTCGAGTAACTCCTCAACCTGGAGTTCCACCCGAAGAAGCAGGGGCCGCGGTAGCTGCCGAATCTTCTAC
TGGTACATGGACAACTGTGTGGACCGATGGACTTACCAGCCTTGATCGTTACAAAGGACGATGCTACCACATCGAGCCTG
TTCCTGGAGAAGAAAGTCAATTTATTGCTTATGTAGCTTACCCATTAGACCTTTTTGAAGAAGGTT",,,,,,
P11_H_01,"TTGGCAGCATTTCGAGTAACTCCTCAACCTGGAGTCCCGCCTGAAGAAGCAGGGGCTGCGGTAGCTGCTGAATCTTCTAC
TGGTACATGGACAACTGTGTGGACCGATGGGCTTACCAGCCTTGATCGTTATAAAGGAAGATGCTACAACATCGAGCCGG
TTGCTGGAGAAGAAAATCAATATATATGCTATGTAGCTTACCCTTTAGACCTTTTTGAAGAGGGTT",,,,,,
P12_A_01,"TTGGCAGCATTCCGAGTAACTCCGCAACCCGGAGTTCCGCCCGAAGAAGCAGGGGCTGCAGTAGCTGCCGAATCCTCTAC
TGGTACATGGACAAGTGTATGGACCGACGGACTTACCAGCCTTGATCGTTACAAAGGACGATGCTACGACATCGAGCCCG
TTGCTGGGGAGGAAAATCAATATATTTGCTATGTAGCTTATCCTTTAGACCTTTTTGAAGAAGGTT",,,,,,
P12_A_02,"TTGGCAGCATTTCGAGTAACTCCTCAACCCGGGGTTCCGCCCGAGGAAGCGGGGGCCGCGGTAGCTGCGGAATCTTCTAC
TGGTACATGGACAACTGTGTGGACCGATGGTCTTACTAGCCTTGATCGTTACAAAGGACGATGCTACAACATTGAGCCTG
TTGCTGGAGAAGAAAATCAATATATATGTTATGTAGCTTACCCTTTAGACCTTTTTGAAGAAGGTT",,,,,,
P12_B_01,"TTGGCAGCATTCCGAGTAACTCCTCAACCCGGGGTTCCGCCTGAGGAAGCAGGAGCCGCGGTAGCTGCTGAATCTTCTAC
TGGTACATGGACAACTGTGTGGACCGACGGGCTTACCAGTCTTGATCGTTATAAAGGACGATGCTACGACATCGAGCCCG
TTGCTGGAGAAGAAAATCAATATATTGCTTATGTAGCTTACCCCTTAGACCTTTTTGAAGAGGGTT",,,,,,
P12_B_02,"TTGGCAGCATTCCGAGTAACTCCTCAACCCGGAGTTCCGCCCGAGGAAGCAGGAGCTGCGGTAGCTGCGGAATCTTCTAC
TGGTACATGGACAACTGTGTGGACCGATGGGCTTACTAGCCTTGATCGTTACAAAGGACGATGCTACAACATTGAGCCCG
TTGCTGGAGAAGAAAATCAATATATATGTTATGTAGCTTACCCTTTAGACCTTTTTGAAGAGGGTT",,,,,,
P12_B_03,"TTGGCAGCATTCCGAGTAACTCCTCAACCTGGAGTTCCGCCTGAGGAAGCAGGGGCTGCAGTGGCTGCTGAATCTTCTAC
TGGAACATGGACAACTGTATGGACCGATGGGCTTACCAGCCTTGACCGTTATAAAGGAAGATGCTACCACATCGAACCTG
TTGCTGGAGAAGAAAATCAATATATATGCTATGTAGCTTACCCCTTAGACCTTTTTGAAGAAGGTT",,,,,,
P12_B_07,"TTGGCAGCATTCCGAGTAACTCCTCAACCCGGGGTTCCGCCTGAGGAAGCAGGAGCCGCGGTAGCTGCTGAATCTTCTAC
TGGTACATGGACAACTGTGTGGACCGATGGGCTTACTAGCCTTGATCGTTACAAAGGACGATGCTACAACATTGAGCCCG
TTGCTGGAGAAGAAAATCAATATATTGCTTATGTAGCTTACCCCTTAGACCTTTTTGAAGAAGGTT",,,,,,
P12_C_01,"TTGGCAGCATTTCGAGTAACTCCTCAACCTGGAGTCCCGCCTGAAGAAGCAGGGGCTGCGGTAGCTGCTGAATCTTCTAC
TGGTACATGGACAACTGTGTGGACCGATGGGCTTACCAGCCTTGATCGTTATAAAGGAAGATGCTACAACATCGAGCCGG
TTGCTGGAGAAGAAAATCAATATATATGCTATGTAGCTTACCCTTTAGACCTTTTTGAAGAAGGTT",,,,,,
P12_C_02,"TTGGCAGCATTTCGAGTAACTCCTCAACCTGGAGTTCCCCCTGAAGAAGCAGGGGCTGCGGTAGCTGCTGAATCTTCTAC
TGGTACATGGACAACTGTATGGACTGACGGGCTTACCAGTCTTGATCGCTACAAAGGTCGATGCTACAACATCGAGCCCG
TTGCTGGAGAAGAAAATCAATATATTGCTTATGTAGCTTACCCCTTAGACCTTTTTGAAGAAGGTT",,,,,,
P12_D_01,"TTGGCAGCATTTCGAGTAACTCCTCAACCTGGAGTTCCTCCTGAGGAAGCAGGGGCTGCGGTAGCTGCTGAATCTTCTAC
TGGTACATGGACAACTGTGTGGACCGATGGGCTTACCAGCCTTGATCGTTATAAAGGAAGATGCTACGACATCGAGCCTG
TTGCTGGAGAAGAAAATCAATATATATGTTATGTAGCTTACCCTTTAGACCTTTTTGAAGAAGGTT",,,,,,
P12_E_01,"TTGGCAGCATTTCGAGTAACTCCTCAACCTGGAGTTCCTGCTGAGGAAGCAGGGGCTGCGGTAGCTGCTGAATCTTCTAC
TGGTACATGGACAACTGTGTGGACCGATGGGCTTACCAGCCTTGATCGTTATAAAGGAAGATGCTACGACATCGAGCCTG
TTGCTGGAGAAGAAAATCAATATATATGTTATGTAGCTTACCCTTTAGACCTTTTTGAAGAAGGTT",,,,,,
P12_E_02,"TTGGCAGCATTTCGAGTAACTCCTCAACCCGGAGTTCCGCCTGAAGAAGCAGGTGCCGCGGTAGCTGCTGAATCTTCTAC
TGGTACATGGACAACTGTGTGGACCGATGGGCTTACCAGTCTTGATCGTTACAAAGGGCGATGCTACCACATCGAGCCCG
TTGCTGGAGAAGAAAATCAATATATTGCTTATGTAGCTTATCCCTTAGACCTTTTTGAAGAAGGTT",,,,,,
P12_H_01,"TTGGCAGCATTCCGAGTAACTCCTCAACCTGGAGTTCCACCTGAAGAAGCAGGGGCCGCGGTAGCTGCCGAATCTTCTAC
TGGTACATGGACAACTGTATGGACCGATGGACTTACCAGTCTTGATCGTTACAAAGGGCGATGCTACCGCATCGAGCGTG
TTGTTGGAGAAAAAGATCAATATATTGCTTATGTAGCTTACCCTTTAGACCTTTTTGAAGAAGGTT",,,,,,
P13_A_01,"TTGGCAGCATTTCGAGTAACTCCTCAACCTGGAGTCCCGCCTGAAGAAGCAGGGGCTGCGGTAGCTGCTGAATCTTCTAC
TGGTACATGGACAACTGTGTGGACCGATGGGCTTACCAGCCTTGATCGTTATAAAGGAAGATGCTACAACATCGAGCCGG
TTGCTGGAGAAGAAAATCAATATATATGCTATGTAGCTTACCCTTTAGACCTTTTTGAAGAAGGTT",,,,,,
P13_B_01,"TTGGCAGCATTCCGAGTAACTCCTCAACCTGGAGTTCCCCCTGAAGAAGCAGGGGCTGCGGTAGCTGCTGAATCTTCTAC
TGGTACATGGACAACTGTATGGACTGACGGGCTTACCAGTCTTGATCGCTACAAAGGTCGATGCTACAACATCGAGCCCG
TTGCTGGAGAAGAAAGTCAATTTATTGCTTATGTAGCTTACCCTTTAGACCTTTTTGAAGAGGGTT",,,,,,
P13_B_02,"TTGGCAGCATTTCGAGTAACTCCTCAACCTGGAGTCCCGCCTGAAGAAGCAGGGGCTGCGGTAGCTGCTGAATCTTCTAC
TGGTACATGGACAACTGTGTGGACCGATGGGCTTACCAGCCTTGATCGTTATAAAGGAAGATGCTACAACATCGAGCCGG
TTGCTGGAGAAGAAAATCAATATATATGCTATGTAGCTTACCCTTTAGACCTTTTTGAAGAGGGTT",,,,,,
P13_B_03,"TTGGCAGCATTTCGAGTAACTCCTCAACCTGGAGTTCCGCCTGAGGAAGCAGGCGCTGCGGTAGCTGCTGAATCTTCTAC
TGGTACATGGACAACTGTGTGGACCGATGGACTTACCAGTCTTGATCGTTATAAAGGGCGATGCTACGGCATCGAGCCCG
TTGCTGGAGAAGAAAATCAATATATATGCTATGTAGCTTACCCTTTAGACCTTTTTGAAGAAGGTT",,,,,,
